,Pressure,Dial Gauge-1 Reading,Dial Gauge-2 Reading,Avereage Settlement,Total Settlement
0,0.10166666666666664,0.7166666666666662,2.6166666666666614,1.6666666666666639,1.6666666666666639
1,2.7299999999999986,1.7999999999999972,6.183333333333341,3.991666666666669,5.658333333333333
2,9.651666666666666,5.2833333333333306,4.483333333333335,4.883333333333333,10.541666666666666
3,11.493333333333329,2.5833333333333344,7.63333333333333,5.1083333333333325,15.649999999999999
4,11.675000000000004,10.549999999999997,11.683333333333337,11.116666666666667,26.766666666666666
