,Pressure,Dial Gauge-1 Reading,Dial Gauge-2 Reading,Avereage Settlement,Total Settlement
0,0.217142857142857,1.999999999999993,-3.9000000000000057,-0.9500000000000064,-0.9500000000000064
1,0.46315789473684205,22.68571428571429,2.5428571428571343,12.614285714285712,11.664285714285706
2,0.6920000000000001,23.499999999999996,15.099999999999998,19.299999999999997,30.9642857142857
3,0.8749999999999998,34.779999999999994,24.359999999999992,29.569999999999993,60.534285714285694
